{
  "num_folds": 5,
  "fold_accuracies": [
    0.9868347338935575,
    0.9938375350140056,
    0.9598039215686275,
    0.9738095238095238,
    0.9911764705882353
  ],
  "mean_accuracy": 0.98109243697479,
  "std_accuracy": 0.012675495605465107
}