{
  "num_folds": 5,
  "fold_accuracies": [
    0.9892156862745098,
    0.9931372549019608,
    0.9955182072829132,
    0.9859943977591037,
    0.9899159663865547
  ],
  "mean_accuracy": 0.9907563025210084,
  "std_accuracy": 0.0032893790113366103
}